"movieId","title","year"
115713,"Ex Machina",2015
117529,"Jurassic World",2015
119145,"Kingsman: The Secret Service",2015
120466,"Chappie",2015
120635,"Taken 3",2015
122882,"Mad Max: Fury Road",2015
122892,"Avengers: Age of Ultron",2015
125916,"Fifty Shades of Grey",2015
127098,"Louis C.K.: Live at The Comedy Store",2015
127146,"Kurt Cobain: Montage of Heck",2015
127152,"Going Clear: Scientology and the Prison of Belief",2015
127188,"Advantageous",2015
128842,"Dragonheart 3: The Sorcerer's Curse",2015
129354,"Focus",2015
129937,"Run All Night",2015
130448,"Poltergeist",2015
130490,"Insurgent",2015
130520,"Home",2015
130578,"Gunman, The",2015
131013,"Get Hard",2015
131656,"Shaun the Sheep Movie",2015
131796,"Woman in Gold",2015
132157,"Paul Blart: Mall Cop 2",2015
132569,"Comedy Central Roast of Justin Bieber",2015
132594,"A Royal Night Out",2015
132796,"San Andreas",2015
133419,"Pitch Perfect 2",2015
133545,"Just Before I Go",2015
134170,"Kung Fury",2015
134368,"Spy",2015
134393,"Trainwreck",2015
134783,"Entourage",2015
134853,"Inside Out",2015
135887,"Minions",2015
